{
 "paridad": true,
 "veredicto": "ACEPTA",
 "res": {
  "full/base": {
   "net": 0.24027362042617928,
   "bh": 0.1892651703540154,
   "alpha": 0.05100845007216387,
   "maxdd": -0.17754115144938476,
   "sharpe": 0.42310877747860787,
   "calmar": 1.3533404422843283
  },
  "full/btc0125": {
   "net": 0.23708941327772926,
   "bh": 0.1892651703540154,
   "alpha": 0.047824242923713844,
   "maxdd": -0.19092045757702147,
   "sharpe": 0.4071065246313057,
   "calmar": 1.2418229889381143
  },
  "2123/base": {
   "net": 0.09523279076500946,
   "bh": -0.3733467442583886,
   "alpha": 0.46857953502339805,
   "maxdd": -0.0985347957295708,
   "sharpe": 0.47505987345722644,
   "calmar": 0.9664889449446497
  },
  "2123/btc0125": {
   "net": 0.10082875623364562,
   "bh": -0.3733467442583886,
   "alpha": 0.4741755004920342,
   "maxdd": -0.10270654108752031,
   "sharpe": 0.4836078712666657,
   "calmar": 0.9817169886748055
  },
  "2426/base": {
   "net": 0.027878343228913804,
   "bh": -0.296932607361238,
   "alpha": 0.3248109505901518,
   "maxdd": -0.13554309425836453,
   "sharpe": 0.18168196591680785,
   "calmar": 0.2056788166261993
  },
  "2426/btc0125": {
   "net": 0.021534781478640186,
   "bh": -0.296932607361238,
   "alpha": 0.3184673888398782,
   "maxdd": -0.1417932889846637,
   "sharpe": 0.15143222010098034,
   "calmar": 0.1518744760971683
  }
 }
}