{
 "paridad": true,
 "veredicto": "R0 \u2014 ACEPTABLE",
 "res": {
  "full/base": {
   "net": 0.24027362042617928,
   "maxdd": -0.17754115144938476,
   "sharpe": 0.42310877747860787,
   "calmar": 1.3533404422843283
  },
  "full/real": {
   "net": 0.27257116554902594,
   "maxdd": -0.16432266542009433,
   "sharpe": 0.4663799823898529,
   "calmar": 1.6587557465197638
  },
  "2123/base": {
   "net": 0.09523279076500946,
   "maxdd": -0.0985347957295708,
   "sharpe": 0.47505987345722644,
   "calmar": 0.9664889449446497
  },
  "2123/real": {
   "net": 0.10257230180781396,
   "maxdd": -0.09699497066364138,
   "sharpe": 0.5058516754414082,
   "calmar": 1.0575012405902324
  },
  "2426/base": {
   "net": 0.027878343228913804,
   "maxdd": -0.13554309425836453,
   "sharpe": 0.18168196591680785,
   "calmar": 0.2056788166261993
  },
  "2426/real": {
   "net": 0.04630748924300376,
   "maxdd": -0.13112777175612267,
   "sharpe": 0.26319415588148026,
   "calmar": 0.35314783911015063
  }
 }
}