{
 "veredicto": "BANDERA (HYPE net<=0 o alpha<=0) \u2014 no generaliza en este \u00fanico caso",
 "res": {
  "BTCUSDT|full|both": {
   "net": 0.0015221117646202487,
   "bh": 0.5764830896708675,
   "alpha": -0.5749609779062472,
   "maxdd": -0.06606326586048084,
   "sharpe": 0.025072306535759835,
   "calmar": 0.0230402137223249
  },
  "BTCUSDT|full|long": {
   "net": 0.045942683990346955,
   "bh": 0.5764830896708675,
   "alpha": -0.5305404056805205,
   "maxdd": -0.03294079739325151,
   "sharpe": 0.4232537616015313,
   "calmar": 1.39470467098526
  },
  "BTCUSDT|full|short": {
   "net": -0.042469413387251964,
   "bh": 0.5764830896708675,
   "alpha": -0.6189525030581194,
   "maxdd": -0.08063166932711507,
   "sharpe": -0.4786913947803648,
   "calmar": -0.5267088445726897
  },
  "BTCUSDT|2426|both": {
   "net": -0.020857912181713845,
   "bh": 0.09365210166444204,
   "alpha": -0.11451001384615589,
   "maxdd": -0.0493981703874824,
   "sharpe": -0.35368418529571943,
   "calmar": -0.4222405813434597
  },
  "BTCUSDT|2426|long": {
   "net": -0.0100308593403865,
   "bh": 0.09365210166444204,
   "alpha": -0.10368296100482854,
   "maxdd": -0.03294079739324385,
   "sharpe": -0.23824667826222382,
   "calmar": -0.30451173420725475
  },
  "BTCUSDT|2426|short": {
   "net": -0.010936757921675255,
   "bh": 0.09365210166444204,
   "alpha": -0.1045888595861173,
   "maxdd": -0.04026607183979958,
   "sharpe": -0.26198803438203,
   "calmar": -0.27161223883937946
  },
  "ETHUSDT|full|both": {
   "net": 0.060318338336241784,
   "bh": -0.3097043457458851,
   "alpha": 0.3700226840821269,
   "maxdd": -0.0361109944283764,
   "sharpe": 0.41507024175023177,
   "calmar": 1.6703593819848672
  },
  "ETHUSDT|full|long": {
   "net": 0.06350733799853825,
   "bh": -0.3097043457458851,
   "alpha": 0.3732116837444234,
   "maxdd": -0.03196259181512129,
   "sharpe": 0.5572196659954791,
   "calmar": 1.9869270416453948
  },
  "ETHUSDT|full|short": {
   "net": -0.002998568555541481,
   "bh": -0.3097043457458851,
   "alpha": 0.30670577719034364,
   "maxdd": -0.03758463364382869,
   "sharpe": -0.022792259906570075,
   "calmar": -0.07978176889942465
  },
  "ETHUSDT|2426|both": {
   "net": 0.05670710071766916,
   "bh": -0.43680116674769076,
   "alpha": 0.4935082674653599,
   "maxdd": -0.03183496532784158,
   "sharpe": 0.971735760040042,
   "calmar": 1.781283570869022
  },
  "ETHUSDT|2426|long": {
   "net": 0.033366576264910686,
   "bh": -0.43680116674769076,
   "alpha": 0.47016774301260145,
   "maxdd": -0.028680366473459284,
   "sharpe": 0.7597522969492466,
   "calmar": 1.163394348387703
  },
  "ETHUSDT|2426|short": {
   "net": 0.022586877676194606,
   "bh": -0.43680116674769076,
   "alpha": 0.45938804442388537,
   "maxdd": -0.01913230500551144,
   "sharpe": 0.6067150525660318,
   "calmar": 1.180562282991412
  },
  "SOLUSDT|full|both": {
   "net": 0.0989350404728142,
   "bh": 1.2499666622216297,
   "alpha": -1.1510316217488155,
   "maxdd": -0.06695306219495012,
   "sharpe": 0.5213878870396998,
   "calmar": 1.477677603225089
  },
  "SOLUSDT|full|long": {
   "net": 0.1084105319600539,
   "bh": 1.2499666622216297,
   "alpha": -1.1415561302615758,
   "maxdd": -0.038941153232879056,
   "sharpe": 0.6471987924712347,
   "calmar": 2.7839579200885094
  },
  "SOLUSDT|full|short": {
   "net": -0.008548720184476055,
   "bh": 1.2499666622216297,
   "alpha": -1.2585153824061057,
   "maxdd": -0.04912789085833824,
   "sharpe": -0.0829978063781616,
   "calmar": -0.17400950936661516
  },
  "SOLUSDT|2426|both": {
   "net": 0.017851201889436785,
   "bh": -0.4905305667734299,
   "alpha": 0.5083817686628667,
   "maxdd": -0.029721893789964482,
   "sharpe": 0.304892646551447,
   "calmar": 0.6006078218159906
  },
  "SOLUSDT|2426|long": {
   "net": 0.005729499814457917,
   "bh": -0.4905305667734299,
   "alpha": 0.4962600665878878,
   "maxdd": -0.03603803377184489,
   "sharpe": 0.13155417104833525,
   "calmar": 0.15898480618368674
  },
  "SOLUSDT|2426|short": {
   "net": 0.012052646439429271,
   "bh": -0.4905305667734299,
   "alpha": 0.5025832132128591,
   "maxdd": -0.025779083155012095,
   "sharpe": 0.3244523919043719,
   "calmar": 0.46753588430416837
  },
  "BCHUSDT|full|both": {
   "net": 0.04277429032245683,
   "bh": -0.6235773638404285,
   "alpha": 0.6663516541628853,
   "maxdd": -0.10306964030123111,
   "sharpe": 0.23439718183072694,
   "calmar": 0.4150037799437815
  },
  "BCHUSDT|full|long": {
   "net": 0.044126676286691424,
   "bh": -0.6235773638404285,
   "alpha": 0.6677040401271199,
   "maxdd": -0.07381357343238637,
   "sharpe": 0.2799696398302946,
   "calmar": 0.5978124921307556
  },
  "BCHUSDT|full|short": {
   "net": -0.0012952316945363807,
   "bh": -0.6235773638404285,
   "alpha": 0.6222821321458921,
   "maxdd": -0.07588673313658889,
   "sharpe": -0.0015192019027355003,
   "calmar": -0.01706795958926163
  },
  "BCHUSDT|2426|both": {
   "net": -0.023272983446151918,
   "bh": -0.41783038395382055,
   "alpha": 0.39455740050766863,
   "maxdd": -0.08387091135244984,
   "sharpe": -0.37408330390369277,
   "calmar": -0.2774857584216786
  },
  "BCHUSDT|2426|long": {
   "net": -0.05094196176953192,
   "bh": -0.41783038395382055,
   "alpha": 0.36688842218428863,
   "maxdd": -0.053335266971002104,
   "sharpe": -1.400111174948045,
   "calmar": -0.9551271543691455
  },
  "BCHUSDT|2426|short": {
   "net": 0.029154147806345065,
   "bh": -0.41783038395382055,
   "alpha": 0.4469845317601656,
   "maxdd": -0.03989239006480272,
   "sharpe": 0.6141013967588981,
   "calmar": 0.7308197818928862
  },
  "DOGEUSDT|full|both": {
   "net": 0.03546855587795261,
   "bh": -0.6584872589995956,
   "alpha": 0.6939558148775482,
   "maxdd": -0.07759632526996163,
   "sharpe": 0.17783164204267907,
   "calmar": 0.4570906644683968
  },
  "DOGEUSDT|full|long": {
   "net": 0.08125830053081162,
   "bh": -0.6584872589995956,
   "alpha": 0.7397455595304072,
   "maxdd": -0.06958839339090672,
   "sharpe": 0.4069066572870921,
   "calmar": 1.167699045361634
  },
  "DOGEUSDT|full|short": {
   "net": -0.042348571687568115,
   "bh": -0.6584872589995956,
   "alpha": 0.6161386873120275,
   "maxdd": -0.06348569086818523,
   "sharpe": -0.43041416720670206,
   "calmar": -0.667056955802782
  },
  "DOGEUSDT|2426|both": {
   "net": 0.005528830248501704,
   "bh": -0.2331530209956908,
   "alpha": 0.2386818512441925,
   "maxdd": -0.04073022977669316,
   "sharpe": 0.1008175016221809,
   "calmar": 0.13574267267368662
  },
  "DOGEUSDT|2426|long": {
   "net": 0.030509960202126374,
   "bh": -0.2331530209956908,
   "alpha": 0.26366298119781717,
   "maxdd": -0.029206405761022625,
   "sharpe": 0.5737344441310263,
   "calmar": 1.044632484112215
  },
  "DOGEUSDT|2426|short": {
   "net": -0.02424152207974062,
   "bh": -0.2331530209956908,
   "alpha": 0.20891149891595018,
   "maxdd": -0.04218025721700669,
   "sharpe": -0.6421936289270478,
   "calmar": -0.5747125238005106
  },
  "NEARUSDT|full|both": {
   "net": 0.007648406644444883,
   "bh": -0.19016005820298287,
   "alpha": 0.19780846484742776,
   "maxdd": -0.04894774498729271,
   "sharpe": 0.063111136541653,
   "calmar": 0.1562565680284246
  },
  "NEARUSDT|full|long": {
   "net": 0.0338530527171772,
   "bh": -0.19016005820298287,
   "alpha": 0.22401311092016007,
   "maxdd": -0.0445890177912488,
   "sharpe": 0.27270588232933285,
   "calmar": 0.7592240061368054
  },
  "NEARUSDT|full|short": {
   "net": -0.02534658673578105,
   "bh": -0.19016005820298287,
   "alpha": 0.16481347146720182,
   "maxdd": -0.0680586450312759,
   "sharpe": -0.2413794313782871,
   "calmar": -0.3724227351886479
  },
  "NEARUSDT|2426|both": {
   "net": 0.010378789661402044,
   "bh": -0.5250487963565387,
   "alpha": 0.5354275860179407,
   "maxdd": -0.03429534370495391,
   "sharpe": 0.17987448738439785,
   "calmar": 0.3026297024660769
  },
  "NEARUSDT|2426|long": {
   "net": 0.02548084170454734,
   "bh": -0.5250487963565387,
   "alpha": 0.550529638061086,
   "maxdd": -0.023530902726968894,
   "sharpe": 0.5033445207371771,
   "calmar": 1.082867155595506
  },