{
 "veredicto": "PROTEGE (crisis alpha en crash r\u00e1pido)",
 "ret_estrategia": 0.04083790615029104,
 "dd_estrategia": -0.043431151630162534,
 "ret_bh": -0.2958359448143325,
 "dd_bh": -0.699116766092789,
 "expo_flash": -0.07264308692102106
}