{
 "paridad": true,
 "veredicto": "H-001 MATADA (edge no robusto al lookback)",
 "v384": "MATA",
 "v640": "MESETA",
 "res": {
  "full/384": {
   "net": -0.08591666036116963,
   "bh": 0.20046749023255733,
   "alpha": -0.28638415059372696,
   "maxdd": -0.2540886241170631,
   "sharpe": -0.09354556005126094,
   "calmar": -0.33813658781349576
  },
  "full/512": {
   "net": 0.24027362042617928,
   "bh": 0.1892651703540154,
   "alpha": 0.05100845007216387,
   "maxdd": -0.17754115144938476,
   "sharpe": 0.42310877747860787,
   "calmar": 1.3533404422843283
  },
  "full/640": {
   "net": 0.2888196097038713,
   "bh": 0.1508702478142953,
   "alpha": 0.13794936188957602,
   "maxdd": -0.16569476031343555,
   "sharpe": 0.4923236987606845,
   "calmar": 1.7430823349967577
  },
  "2123/384": {
   "net": -0.013986342916961214,
   "bh": -0.3642527498340654,
   "alpha": 0.3502664069171042,
   "maxdd": -0.14402133560302244,
   "sharpe": -0.006519208711506443,
   "calmar": -0.0971129927270838
  },
  "2123/512": {
   "net": 0.09523279076500946,
   "bh": -0.3733467442583886,
   "alpha": 0.46857953502339805,
   "maxdd": -0.0985347957295708,
   "sharpe": 0.4750598734572266,
   "calmar": 0.9664889449446497
  },
  "2123/640": {
   "net": 0.12269251909410173,
   "bh": -0.39930188642952436,
   "alpha": 0.5219944055236261,
   "maxdd": -0.10308776603265069,
   "sharpe": 0.5930097893200524,
   "calmar": 1.1901753604326015
  },
  "2426/384": {
   "net": -0.07651746291405925,
   "bh": -0.27380430741559086,
   "alpha": 0.1972868445015316,
   "maxdd": -0.20676119969234807,
   "sharpe": -0.2934108993804658,
   "calmar": -0.3700765086869007
  },
  "2426/512": {
   "net": 0.027878343228913804,
   "bh": -0.296932607361238,
   "alpha": 0.3248109505901518,
   "maxdd": -0.13554309425836453,
   "sharpe": 0.18168196591680785,
   "calmar": 0.2056788166261993
  },
  "2426/640": {
   "net": 0.02864321049450491,
   "bh": -0.29246240012593866,
   "alpha": 0.32110561062044357,
   "maxdd": -0.12841789545119386,
   "sharpe": 0.1852378884807401,
   "calmar": 0.2230468767134637
  }
 }
}