{
 "paridad": true,
 "veredicto": "RECHAZA",
 "res": {
  "full/base": {
   "net": 0.24027362042617928,
   "bh": 0.1892651703540154,
   "alpha": 0.05100845007216387,
   "maxdd": -0.17754115144938476,
   "sharpe": 0.42310877747860787,
   "calmar": 1.3533404422843283
  },
  "full/btc015": {
   "net": 0.2336369822756772,
   "bh": 0.1892651703540154,
   "alpha": 0.044371811921661786,
   "maxdd": -0.20412068519906257,
   "sharpe": 0.391848454248884,
   "calmar": 1.1446021849663583
  },
  "2123/base": {
   "net": 0.09523279076500946,
   "bh": -0.3733467442583886,
   "alpha": 0.46857953502339805,
   "maxdd": -0.0985347957295708,
   "sharpe": 0.47505987345722644,
   "calmar": 0.9664889449446497
  },
  "2123/btc015": {
   "net": 0.10635850766197774,
   "bh": -0.3733467442583886,
   "alpha": 0.47970525192036634,
   "maxdd": -0.1068617892712258,
   "sharpe": 0.49086614224388586,
   "calmar": 0.9952903501552769
  },
  "2426/base": {
   "net": 0.027878343228913804,
   "bh": -0.296932607361238,
   "alpha": 0.3248109505901518,
   "maxdd": -0.13554309425836453,
   "sharpe": 0.18168196591680785,
   "calmar": 0.2056788166261993
  },
  "2426/btc015": {
   "net": 0.015148874949927782,
   "bh": -0.296932607361238,
   "alpha": 0.3120814823111658,
   "maxdd": -0.1480117593849829,
   "sharpe": 0.1238219085713725,
   "calmar": 0.10234913099387676
  }
 }
}